{
  "project_info": {
    "project_number": "657889037842",
    "firebase_url": "https://unipigrades-app.firebaseio.com",
    "project_id": "unipigrades-app",
    "storage_bucket": "unipigrades-app.appspot.com"
  },
  "client": [
    {
      "client_info": {
        "mobilesdk_app_id": "1:657889037842:android:bf1c31baac76d09e",
        "android_client_info": {
          "package_name": "com.example.unipigrades"
        }
      },
      "oauth_client": [
        {
          "client_id": "657889037842-ggh12a4jb8hlogo2a382vh9o0tp2odfj.apps.googleusercontent.com",
          "client_type": 3
        }
      ],
      "api_key": [
        {
          "current_key": "AIzaSyDGR4pX4jN7K1O72x1cBZtoBIPEKwiS5VQ"
        }
      ],
      "services": {
        "appinvite_service": {
          "other_platform_oauth_client": [
            {
              "client_id": "657889037842-ggh12a4jb8hlogo2a382vh9o0tp2odfj.apps.googleusercontent.com",
              "client_type": 3
            }
          ]
        }
      }
    }
  ],
  "configuration_version": "1"
}